Genome,GC_Content
GCF_000005845.2_ASM584v2_genomic.fna,50.79070985933456
GCF_000008865.2_ASM886v2_genomic.fna,47.180921723334926
